Bravanese,English
Aada,Tradition
Aada,Custom
Aafa,effect
Aajizi,Lazy
Aakhiba,Reserve
Aansi,Disobey
Aarani,Prosperous
Aari,Avenge
Abukaato,Solicitor
Achaari,Chutney
Adaana,Muslim call to prayer
Adabdara,rude
Adabu,Discipline/good manner
Aduwi,Enemy
Afisha,forgive
Afiya,Health
Aftahi,Holiday
Agaarshow,Yellow fever
Agoomo,Orphan
Ahdi,Promise
Ahmaqi,Stupid
Ahsanta,Thank you
Ajabu,Wonderful
Ajala,Fate
Ajiri,Reward
Ajli/khisaa,Sake
Ajnabi,Foreigner
Ajuuza,Aged woman
Akhdari,Green
Akhera,Hereafter
Akhili,Clever
Akhiyaari,Gentle person
Akhlaakhi,manner
Alaama,Mark
Albeergo,Hotel
Albiitro,Referee
Alfu,Thousand
Alhamu,solder
Almaasi,Diamond
Amaana,Safekeeping
Amaani,Peace
Ambaare,eczema
Ambari,Amber
Ambissa,stick
Ambo,Either/or
Ambulla,remove
Amiiri,Prince
Aminifu,Faithfulness
Amri,Command
Anabu,Grapes
Ananaasi,Pineapple
Andika,write
Anika,Put out to dry
Ansalaata,Lettuce
Anshuuru,Duty
Anuuna,Guanabana
Anza,To begin
Apa,Here
Aqiida,Faith
Aqili,Wise
Araamila,Widow
Arabiya,Wednesday
Aranjiri,Shepherd
Arbuuni,Deposit
Arfu,Odor
Ariishi,Cottage
Arkhamiisi,Thursday
Askari,Soldier
Asli,Origin/genuine
Atari,perfume
Athaabu,punishment
Aw guuriyo,Congratulation
Awali,The begining/First
Ayaamu,Week
Azima/passa,Borrow/Lend
Baaburi,car
Baakoora,Walking stick
Baaldi,Bucket
Baaldoosi,Bulldozer
Baaliqi,Become mature
Baamiya,Okra plant
Baari,Obedient
Baaruudi,Gunpowder
Baashaali,Enjoy
Baaskiili,Bicycle
Baastoola,Pistol
Badiikhi,Cucumber
Badiila,Shovel
Badila,Change
Badiqi ya Kurabi,Melon
Badiroone,Boss
Bafta,White calico
Bageela,Certificate
Bajiya,Falafel
Bakayle,Rabbit
Bakhiili,Stingy
Bakhsha,Envelope
Bakhti,Carrion
Bakhtiyanasiibu,Lottery
Balani,Appointment
Bandeera,Flag
Bangi,Bank
Bangiili,Bangle
Baniikolo,Film Negative
Banziina,Petrol
Baqshiisha,Reward/Bonus
Baraamburi,Sparks
Barafu,Ice
Barafuumo,Perfume
Barasi,Psoriasis
Barata,learn
Barbaroone,Pepper
Bardi,cold
Barmiili,Barrel
Barzuuli,Gullibility
Basbaasi,Chili
Bashiize,he lost
Basi,Sufficient
Baskuuti,Biscuits
Bataata,potatoe
Batente,Driving License
Bawaaba,Hinge
Bawaasiri,Pile(Hemorrhoid)
Bazila,Curtain
Beele,she is lost
Bei,Price
Biga,Hit
Biga picha,To photograph
Biikhi,Dastard
Biima,Risk/Danger
Bikra,Virgin
Bilaa Anshuuru,Duty-Free
Bilyeeti,Ticket
Binaadamu,Human being
Binafsi,Private
Bitiriya,Battery
Biyaanshara,Business/commerce
Bomba,Pipe
Bomba ya maayi,Tap
Bomba ya nvula,Shower
Bonta,Bridge
Boola,Steal
Boorhindi,Pumpkin
Boorsa,Bag
Boorti,Thick pole
Booshi,Hide-and-Seek
Booyi,Domestic Servant
Bulaati,Sand dunes
Bulkeeti,Brick
Bulu,Blue
Bulukaato,Costume Jewellery
Bundukhu,Gun
Buni,Coffee
Burdaani,Relaxation
Burhaani,Charisma
Buru,Pie
Buru,Sweet bun
Burugande,Laxative drug
Buruko,Wig
Buubu,Dam person
Buuku hu tiloowa piicha,Album
Buulo,Small village
Buure,Free
Buuro,Butter
Chaala,Finger
Chaambo,Bait
Chaano,Tray
Chaanzo,A begining
Chaarabu,Arabic
Chaayi,Tea
Chana Ngoombe,Calf
Chana Nkuku,Chick
Chanaamba,Puppy
Cheeki,Cheque
Cheti,License
Chi nume-nume,Backwards
Chibaandha,Kiosk
Chibiriidi,Matches
Chibuji,Cudgel
Chibuuku,Book
Chibuumbu,Whistle
Chidaanka,Roof
Chidhevu,Chin
Chidhu,A tin container for measuring grain
Chidhuku,Umbilical cord
Chigaango/shpiipa,Tin
Chigaari chamkono,Wheel Barrow
Chigobe,short
Chigure,Left
Chiguwo cha ntiini,lungi/sarong
Chiguwo chamtaawo,Pillowcase
Chihaba,small
Chiino,Goal
Chilapo,Oath
chilawe,let's go
Chileemba,Turban
Chili,Bed
Chiloho,Hook
Chilolo,Mirror
Chimargi,Choke
Chimbalazi,bravanese former Language
Chimento,Cement
Chimiini,bravanese language
Chimiiro,Sieve
Chindhiimu,Lemon
Chindooro ,Clitoris
Chineema,Cinema
Chinena,Groin
Chinene,Bladder
Chinume,Behind/Back
Chireenza,Razor
Chisengene cha Uso ,Forehead
chishupa,unbilical cord
Chisima,Well
Chiski,Sweetcorn
Chiski,Corn
Chisoongo ,Nod
Chisu,Knife
chita chuumu,stubborn
Chita kulaaza,Headache
Chitaawo,Bus
Chit´i,Chair
Chivuundo,Corner
Chiwaana,Childish
Chiwelo,Thigh
Chiwovu,Pocket
Chiyi,"Interior lock, originally of wood"
Choloko,Window
Choolo,Toilet
Chuluungu,Storey/ Floor
Chuula,Frog
Chuuma,Iron/metal
Chuumba,Drawer
Chuungu,cooking Pot
Da'asi,Slipper
Da'awa,Allegation
Da'iifu,Weak
Da'wa,Complaint
Daa'imu,Permanent
Daada,Grand Mother
Daale daale,Swing
Daanku,Popcorn
Daara,Touch
Daawa ya Maato,Eye Drops
Dafa,Eagle
Daffa,Hawk
Dafkula,"Seize, Grab"
Dahabu,Gold
Dakhiikha,Minute
Dakhtari,Doctor
Dalaali,Broker
Daliili,Evidence
Damaana,Guarantee
Damaana,Bail
Dambari(Iziwa),Foremilk
Dambi,Crime/Offense/sin
Damiini,Dull
Damiiri,Conscience
Darbini,Binoculars
Darsi,Lesson
Darzani,Dozen
Dastuuri,Constitution
Dathaali,Effort
Dawa,Medicine
Dayuusa,Immoralist
Deeni,Loan
dereema,sence
Dhaadhaani,Idiot
Dhagiso,greedy
Dhahali,Inheritance
Dhaqani,Culture
Dheefu,Nutrition
Dhibu,difficult
Dhofoori,Temple
Dhu,Bone marrow
Dhuko,deaf
Dhuuduma,Rape
Dhuugu,Attentional
Dibi,Ox
Difaa'a,Defence
Diidiini,Tortoise
Diini,Religion
Diira,Glasses
Dikiri,Song of praise(religious ritual)
Diritoore ya skoola,Headmaster
Dokhani,Fool
Doroogo,Drug
Du'a,Petition/prayer
Dudumaayi,Chickenpox
Duka,Shop
Dul'eda,Fox
Dulli,Humiliation
Dulmu,Injustice
Dumna,Domino
Duniya,World
Duwaara,Kite
Duwaara,Kate
Duwla,Funnel
Ebu,Shame
Eeti,Allegation
Embe,Mango
Endha,go
Faali,Foretelling
Faasha,Bandage
Faataha,The first Sura of Kuran
Faayda,Benefit/Profit
Fahamu,Understanding
Fahamu,Consciousness
Fakata,run
Fakhari,show off
Fakhri,Poverty
Falaki,astronomy
Faraji,Relief
Faranchideeri,Fridge
Faransiyoone,Clutch
Farasi,Horse
Fargeete,offended
Farhaani,Happy
Fariina,Brake
Farkeeta,Fork
Farmaajo,Cheese
Farmachiya,Pharmacy
Fasaleeta,Handkerchief
Fasali,Harvest
Fashiri,Scandal/Disgrace
Fasiiha,Clear
Fasiqa,Divorce
Fasiri,Explanation/translation
Fatuura,Car
Fatwa,The judgment of Islamic scholars
Fawda,The state of disorder
Fetha,Silver
Fidiya,Ransom
Fiija,Cooking stove
Fiilo,Wire
Fiilo ya koranta,Cable
Fijiri,Morning/before dawn
Fikira,Think
Fikiri,Thought
"Fini, hulawo usooni",Pimple
Finiini,Split or break into slender pieces
Finika,cover
Fiqi,Islamic law scholar
Fir'ooni,Pharaoh
Fisqi,Wrongdoing
Fitina,Discory
Fitisha/meera,Search
Fiyoore,Flower
Fooji,Whistle
Foorji,Ridicule/Teasing
Foorno,Bakery
Fuduuli,Insult
Fula,wash
Fulaana,Pullover
Fulisha,Fulfil
Furaha,Happiness
Furda,Port/Harbor
Furdha,Harbour
Fuufila,Spray
Fuumbi,Toilet
Fuundi,Craftsman
fuungula,open
Gaari,A wheeled vehicle
Gaasi,Brave
Gaastirika,Gastritis
Gaguna,Scratch
Galtu,Uncivilized
Gambuusa,Stringed musical instrument
Ganaaha,Fine
Ganjeela,Gate
Garaacha,Garage
Garabu,Shoulder
Garavaata,Necktie
Garbaashi,Whip
Gardi,Marching
Garfa,Cinnamon stick
Gawaadi,Pander/Pimp
Gellle,Maize
Gereesi,Woman's garment
Ghaali,expensive
Gharaama,Expense
Ghasiya,Disturbance
Giita,Drag
Giitila,Carry on
Giriiki,Jack
Gisi(Ngoombe Gisi),Buffalo
Godoro,Mattress
Goofu,Ruin
Gooma,Rubber
Goona,Skirt
Gorgora,Petticoat
Gorgorisha,bargaining
Goroowu,Divorsed women
Goryaani,Roundworm/Ascaris
Gudi,Committee
Guule,Fender
Guule aanoole,Thunder
Haafa,Neighborhood
Haaji,A man who has made a pilgrimage to mecca
Haali,Condition/Situation
Haamila,Pregnant
Haanzu,women's dress
Haasidi,Cruel/unkind
Habaasa,Jail
Habba,Few
Habba,Few
Hadiya,Gift
Hafiisa,Office
Hafla,Celebration
Hajiimu,Caterpillar
Hajiya,A women who has made a pilgrimage to mecca
Hakhi,Rights
Hakhiikhisha,confirm
Halaali,Lawful
Halaalisha,Legalize
Halwa,"Sweets made from sugar,cornstarch and ghee"
Hamaali,Porter
Hamasho,whisper
Hammu,Yearing/desire
Hamuumu,Feeling
Handaasa,Lecherous
Haqi,Right/justice
Haqiiqa,Truth/reality/Certainty
Haqiiqisha,Make sure
Haraamu,Forbidden
Haraarisi,Bitter
Haraashi,Cut Rate
Harfu,A letter(alphabet)
Hargabu,Influenza
Hariiri,Silk
Harri,Heat
Haruusi,Wedding
Hashaashi,Elegant
Hashiisha,Marijuana
Hawa,Air
Hawa,Weather/Climate
Hawaaji,Curry powder
Hawaala,Transfer
Haweesa,Milk container used by the nomadic people
Hay'a,Agency
Hayaati,Life
Hayawaani,Animal
Heero,Bowl or large dish used for serving food
Hena,Henna
Heshma,Honour/respect
Hewesi,Chest
Hiila,Trick/technique
Hiinzizi,Root/veins
Hiira,Bald head
Hijaabu,Headscarf
Hijaabu,Veil
Hijja,Pilgrimage
Hikma,Wisdom/good judgment
Hilki,Cardamon
Hiloowu,Longing
Himma,Ambition
Hiqdi,Hate/Hatred
Hirzi,Charm/amulet
Hizbu,Party/political organization
Hodaari,Active/capable
Hoja,Puzzle
Hoodi,may i come in ?
Hoonde,Seeds
Hoosi,Shadow
Hori,Free
Horiya,Independence
Hutosha,enough
Huumbo,Foam
Huundhu,Red
Huzni,sad
I'itikaafu,spending time inside a mosque for worshipping
I'tiraafu,recognize
Ibaada,Worship
Ibanyaani,Outside
Ibeebe,"Bonfire, Flames"
Ibiriikhi,Teapot/kettle
Ibirka,pool/pond
Ibitta,Duck
Ibliisi,Devil
Iboholi,Hole
Ibtila/msiiba,Disaster
Iburuuda,Hip
Ibuuli,Jug
Ibuuri,Hill
Ichiwa,If
Idda,Wife's period of mourning
Idurah,"Fan, Wind Mill, Propellor"
Ifiriiti,Monster
Ifuga,Gay
Ifumo,Spear
Igaandha,"Fruit skin, Peel"
Igasiya,Oar
Iggema,Welcome
Igome/Ijabali,Rock
Igoole,shell
Igoonjo,knee
Igoyi,Molar
Igugu,Egg shell
Iguma,Bruise
Ihoowa,Ringworm
Ihsaani,favor
Ihtiraamu,Respect
Iidi,Muslim festival
Ija-nvula,Rainbow
Ijaambi,Plaited mat
Ijaara,Rent
Ijambaazi,A ruffian
Ijaraha,Wound
Ijarfa,Net
Ijiniile,Crazy
Ijinyiile,Mischievous
Ijiwe,Stone
Ijuuniya,Sack
Ikharba,Leaf
Ikhwaani,Brother-in-Islaam
Ikodho,Gull
Ikoli,Nickname
Ikoofiya,Hat
Ikoongonye,Elbow
Ikoora,Tin coated iron can
Ikumi,Ten
Ilaanzi,Branch (Of a tree)
Ilbahi,Civilized
Ilbahi,civilized
Illu,Above
Ilmu,Knowledge
Ilolo ilusi,Black seed
Ilooni,Evening
Iluuma,Head injury
Iluungo,Back
Imaamu,The prayer leader in a mosque
Imaani,"Faith , Moral"
Imba,Sing
Imtihaani,Examination
imulo,hot
Ina,Name
Inaiwikano,Famous
Inama,stoop
khabari za mazaydi,Information
Ingaadi,Spelling
Ingila,come in
Ingiza,Put in
Injigneeri,Engineer
Inkaari,Curse
Inkira,Deny
Inwaani,Address
Inyala,Nail
Inyi,Liver
Ipaaku,parcel
Ipala,Thatch
Ipapaayu,Papaya
Ipepo,Wind
Ipi,a pat
Ippu,"Jeep,abcess"
Iqaabu,Punishment
Iriiri,Narrowness
Irmaani,Secreting milk
Ishaka,Tree
Ishaka ya iwuuyu,baoba tree
Ishaka ya Riihaani,Aromatic plant
Isheetara,Umbrella
Ishina,The far end of smthng. (Part. textiles)
Ishkilo,Ear
Ishoga,Chador/ Veil
Ishuzi,Fart
Islaamu,Muslim
Ismaris,sandwich
Issa,Now
Istereha,Relax/enjoy
Istiqfaara,Prayer of forgiveness
Itaando,Insult word
Itaaya,Cheek
Iteke,Kick
Itete,Drop
Itiki,Watermelon
Ito,Eye
Ittama,"Mouthfull of liquids (Water, milk, etc)"
Ittonge,"Food, Mouth-full of food"
Ittuungu,Hernia
It´ako,Buttock
Ivu,Ash
Ivuule,Grey
Ivuumbi,Dust
Ivuyu,Spider
iwa´,know
Iwwa,Sun
Iyaankuku,Egg
Iyeembe,Hoe
Izaalo,Embryo
Iziwa,Milk
Jaahili,Ignorant
Jaajuusi,Spy
Jaama'a,University
jaariba,try
Jadwali,Schedule
Jahazi,Vessel
Jalaada,Book cover
Jalaata,Ice cream
Janaastika,Gymnastics
Janaaza,Coffin
Janna,Heaven
Jardiina,Garden
Jawaabu,Answer
Jaziira,Island
Jeeri,Hippopotamus
Jegaani,Barber
Jereere,Tight-curled hair
Jeza,Gratitude
Jezaari,Ingratitude
Jiha,Direction
Jiha,sense
Jihaadi,Muslim holy war
Jihawareeri,Disorientation
Jilaali,Winter
Jimlisha,Add up
Jimma,Friday
Jimmaane,Tuesday
Jimmapiili,Sunday
Jimmataatu,Monday
Jinni,Ghost
Jiraani,Neighbour
Jisaayi,How
Joodari,Tuna fish
Joogi,Size
Joogi,Pair
Joozi,Nutmeg
Jornaale,Newspaper
Jouri,Outrage
Juha,Mentally handicapped person
Juhudi,Zeal
Jumla,Wholesale
Juudaani,Leprosy
Juzzu,One of the thirty main division of Kor'an
Ka khasti,intentionaly
Ka'si,Sexual urge
kaa kamu,how much
Kaabati,Cupboard
Kaafisha,Condone
Kaala,Sow seeds
Kaama,Suck
Kaambele,temporary
Kaambo,Step
Kaamili,Complete
Kaamina,Believe
Kaamusa,Breast-feeding
Kaandha,"First,"
kaandika,writing
Kaari,Card
Kaasha,Suit case
Kaasiyeeri,Cashier
Kaawanya,distribute
Kaawula,Peel off
Kaazi,Work
kaazima,lend
Kabaliyeeri,Waiter
Kabeebe,Traditional folks dance
Kabila,Plus
Kabila,Add
Kabissa,Absolutely
kabooti,Overcoat
Kadaloobu,Squat
Kadiido,Fever
Kafaala,Sponsorship
Kafani,Shroud
Kahawa,Coffe
Kahima,"Fast, hurry up"
Kahimma,Urgency
Kakhisani,Why
Kalaanga,Fry
Kalaanta,Sit down
Kalamiita,Magnet
Kalifu,Compel
Kaloora,colour
Kampanyeela,Bell
Kampiyaale,Mortgage
Kampiyoone,Specimen
Kanaanttupu,Naked
Kaniisa,Church
Kanna,Mouth
Kanumake,Afterwards
Kanzi,Treasure
Kapsola,Capsule
Karaama,Gracious gift
Karaani,Clerk
Karaileh,Crow
Karata,Playing cards
Karavata,Tie
Kashawiita,Screwdriver
Katarbila,Tractor
Kathi naa kathi,Between
Kati,Centre
Katikati,Average
Kazkaazi,"North wind, hot season"
Keeluka,"Float, Swim"
Keendha,To Go
Keendha Maayo,Yawning
Keesho,Tomorrow
Khaa'ini,Deceiver
Khaaja,Uncle
khabari,News
Khabiiri,Expert
Khabiithi,Cruelty
Khada'a,Cheat
Khadiimu,Old(thing)
khafiifu,light
Khainni,Traitor
Khalamu,Pen
Khalamu yaa Mate,Pencil
Khamaari,Gamble
Khamarji,Gambler
Khamiiri,Yeast
Khamri,Wine
Khanziiri,Pork
Kharanfuuri,Cloves
Kharibila,Approach
Khasaara,lose/Disadvantage
Khasbu/waajibu,Obligation
Khasheeda,Shawl
Khasiida,Carol
khasnaji,treasurer
Khatari,Danger
Khatti,Letter
Khawaafu,Bankruptcy
Khawaawa,Pan
Khayri,Good thing/prosperity
Khcheleloowa,To be late
Khfanya tayaari,prepare
khfarisha,expect
Khfula,Washing
Khfutura,The food eaten after sunset in the month of Ramadan
Khfuunga,Close
Khfuura,Swell/ swollen
Khibla,Direction of prayer
Khibra,Experience
Khidma,Service
Khiima,Value
Khiira,Admit
Khiira,Accept
Khiira,Agree
Khilaafu,conflict
Khimisha,Assess
Khipita moaka,Extreme
Khiyaama,Day of Judgement
Khiyaana,Deciet
Khiyaari,Choice/free will
Khkahata,hate
Khkama,milking
Khkasa,(to) Listen
Khkashifa,Disclose
khkolola,coughing
khkoomba,to leak
Khoori,Lagoon/ Estuary/ Creek
Khoori,Canal
Khpaangula,Delete
Khpakula,Serve food
khpala,Padlock
Khpata,Finding
khpeteka,Tickle
Khpika,Cook
khpita,pass
Khpokela,Receiving
khpola,recover
khpotela,fail
Khpotoka,Crooked
Khsaala,Remaining
Khshiika,Catch
Khshiindha,Win
Khshikamana,Cleave together
Khshindhamana,Challenge
Khshumula,Sneezing
Khshumula,Sneeze
Khshuwata,Diarea
Khsooma,To read
Khsuuhata,Epilepsy
Khtaambala,Creep
Khtaawanya,Spilling
Khtaawanya shahawa,ejaculation
Khtegemela,Rely
Khteka,Laughing
Khterega,un-safe behaviour
Khtersha,The act of governing
Khtetela,Stammer
Khthafuna,Chewing
Khthumika,Serving
Khtiia',Obey
Khtiinda Jeega,Haircut
Khtina,Circumcise
Khtiya,Afraid
Khtomola shaka,Assure
khtongoleza,talebearing
khtoonga,Teasing
Khtosha,Think
Khtufa matte,To spit
Khtuundhika,Hang
Khtuungila,Peep
Khubba,Dome
Khudaari,Vegetable
Khudba,Lecture
Khufu,Socks
Khufu ya mkono,Gloves
Khunsuli,Consul
Khuntha,Bisexual organism
Khur'aani,Koran
Khuraafaati,Myth
Khussa,Concern
Kibri,Arrogant
Kiimba,Sing
Kiineendha,Walking
kiineenza,driving
Kiiwana,To know each other
Kilaa mara,Always
killa ayaamu,weekly
Killaa Mahala,Everywhere
Killaa Muunti,Everyday
Killaa Muuntu,Everyboby
Killaa Waqti,Every time
Kilma,Word
Kiniini,Tablets
Kintaali,A sack holding 100kg
kirkiri,Rhino
Kistanja,washing after urination before praying
Kiyaawe,Spanner
Koncheerto,Concert
Kontoraato,contract
Koola,Glue
koomba,lick
Kootha,speak
Koothi,Talks
Kooti,Coat
Koowa,Bath
Koowela,Swimming
Koranta,Electricity
Kormeeri,Supervisor
Korneelo,Colonel
Korsha,"Up-bring, Breed"
Ku ayida,Corroboration
Ku duguwa,Hobble(walk with difficulty
Ku guruma,Roar
Ku hadda,to say
Ku junuba,Eject semen while sleeping
Kubadila,Change
Kubadilana,Exchange
Kubiga neefu,Gasp for breath
Kubiga Seega,masturbate
Kuboola,to steal
Kuburisha,chase
kudalbata,to apply
Kudifaa'a,defend
kufa,to die
Kugiita,(to)Pull
kuguruma,murmer
Kuja,Food
kujeera,shy
Kula,Cry
Kulapa,Swear
kule,far
Kuleela,Loose
Kuleesanya,Converge
Kuleeta,Collar
Kulipa,Repaying
kulisa aari,retaliate
Kuliwala,Forgeting
Kuloomba,Beg
Kuloomba raadi,apologize
kuluma,bite
Kumiza,Swallow
Kumraasha,Accompany
Kumsawa,Cajole
Kumtiisha,Intimidate
kumviila,Call
Kuna,Drink
kunala,to urinate
Kuncherto,Play
Kunna,drinking
Kunuunka,Smell
Kupeerto,Blanket
Kurba,Worry/uneasines/anxiety
Kurudikisha numa,pospone
Kuruudila,Repeat
Kuskutiza,Rinse
Kuta,Grind something into powder or liquid
Kuule,Hedgehog
Kuulu,Leg
Kuulu ya Gaari,Tyre
Kuuluka,Flying
Kuumbuka,remember
Kuumisha,Drying
Kuuya,To Come
Kuvuunda,Demolish
Kuvuundika Niya,Demoralize
Kuwaangula,Hatch (Eggs)
Kuwaka,to build
Kuwala,"Shining, Bright"
Kuwalisha,Polish
Kuwalizza,Tighten
kuwanayo ta'liimu,educated
Kuwasila,Arrive
Kuwiinda,Hunt
Kuwola,Dry Rot
Kuyasa,underestimation
Kuzaama,Sink
Kuzaamisha,Capsize
Kuziika,bury
Kuzimila,escape
Kuzimu,Sky
kuzuuba,recording
La'na,damn
laakine,but
Laakuja,Sunset
Laala,sleep
Laaluushi,Bribe
Laame,asphalt
Laano,Tale
Laastika,Elastic
Laatulo,evening prayer
Laazima,necessary
Labisa,Dress
Ladaayi,locust
Ladda,sweet
Lahja,Dialect
Lakhdawa,deceit
Laki,"100,000"
Lalamika,Cry for mercy
Lamiyeeri,Corrugated iron
Lamna,sort
Langala,look
Lapiili,Afternoon
Lappa,Take an oath
Latanaani,Leave one another
Latila,Throw
Latta,leave
lawa,out
lawaanganja,divide
lbaani,Chewing-Gum
lbawa,Feather
lbolo,Penis
Leelo,today
Leete,bring
Leetiri,Litre
Lekeza,adjust
Lfuungulo,key
Liimbo,Song
Liini,When
Liini?,when?
Liinsoole,Bed sheet
Lila,TRUE
Lillaahi,frankly/honestly
Lima,Plough
Limi,Tongue
Linganya,Match
Liwala,forget
Liwaza,Console
Lkaambala,Rope
Lkaandha,Belt
Lkoombe,Spoon
lkope,eyebrow
Lkutta,Wall
Lmilo,Throat
Lohooho,thin baked pancake
Loogaani,Valley
Lpaanga,Sword
Lpeelo,Broom
Lpiindho la Tawala,Coast
Ltaambi,wick
Ltaki,Chain (Jewllery)
Lufa,Crack
Luflufu,Scraps
Lukha,language
Luqa la Yahuudi,Hebrew
Luti la kuduguwila,Crutch
Luulu,Pearl
Luzi,String/Thread
Lvuundho,Bad smell
Lwarakha,Paper
Lwatto,Fenugreek
Lwawo,Wood
Ma Dhereri/ Idhereri,Saliva
Ma'aduumu,curious
Ma'quuli,reasonable
Ma'ruufu,Familiar/Common
Maachisi,Bastard
Maachiwooni,Scholar
Maafakhi,Liar
Maaka,Year
Maali,Riches/ Assets
Maalimu,Teacher
Maamala,shut up
Maamba,Seashell
Maambate,stick to him
Maambo,Affairs
Maame,Mother
Maamili,Regular customer/Client
Maampaka,Kitten
Maamuli,Administration
Maana,Child
Maandha,bravanese Bread
Maandiko,Writings
Maangi,cooked grain
Maankale,Sesame seed cake
Maanyi,Grass
Maanzo,Beginning
Maapa,Armpint
Maarabu,Arab person
Maarsha,Gear
Maashe,Blind
Maaskara,Mask
Maato,Eyes
Maatozi,Tear
Maayi,Water
Maazi,Blood
Maazi ya Aada,Period
Mabda'i,Principle
Mabigano,Fighting
Maduuri,Jungle
Mafta,Oil
Maftaamansara,Sesame oil
Maftaatala,Fatty Tissue
Maftaazeydi,Olive oil
Magaadi,Soda
Magoli,uneven
Mahari,Bride price
Mahati,thanks
Mahkama,Court
Mahrajaani,Carnival
Makala,Charcoal
Makhabri,Cemetery
Makhaziina,Storehouse
Makiindhi,Belly dance
Makoondhe,Boxing
Makosa,Mistake
Mal'uuni,mischief-Maker
Malaakhi,Tribal Chief
Malaalo,Sleeping accommodation
Malayka,Angel
Maliza,Finish
Malmalaata,Jam
Maluungo,Body
Malyuuni,Million
Mamala,keep silence
Mambaamba,slim
Manaamke,Girl
Manashke na kuloloowa,Bride
Mandari,Picnic
Mandinamaamo,fuck off
Maneeno,nonesense
Manne,Urine
Mapatano,Agreement
Mapeema,Early
Mapula,Nasal mucus
Maqasi,scissor
Maqsuudi,content
Mara yiingine,Again
Maradi,Disease
Maradi ya Suukari,Diabetes
Marayiingine,Another time
Marjani,Coral
Markabu ya idura,Helicopter
Markabu ya kuuluka,Airplane
Markabu ya mayiini,Ship
Maroone,Brown
Marti,Guest
Mas-ala,Mystery
Masaafa,Distance
Masaajo,Sorghum
Mashakha,Troubles
Mashindhamano,Competition
Mashtaayta,Sesame
Mashuunghi,Hair
Masiiri,Jealous
Masila,Abscess
Maskiini/faqiiri,Poor
Masku,Night
Maskuukati,Midnight
Maslaha,Interset/Cconciliation
Masoomo,Education
Masruufu,Maintenanceliving expenses
Masso,The sharpeness of cutting edges.
Mataanga,Mourning
Mataaza,Porridge
Mate,Saliva
Matele,Joke
Matezo,Games
Mathali,Example
Matotope,Morass/mud
Matte,Spit
Mattottoope,Mud
Matuundha,Fruit
Matuuri,fat
Matuzi,Stool
Mawe,Stones
Mawele,Breast
Mawiingu,cloud
Mayiimbi,waves
Mayleli,Trilling
Maymaayi,wet
Mayooshi,Smoke
Mayti,Dead body
Mazaydi,Advancement
Mazi haba,Anemia
Mazi Miingi,Blood Pressure
Mazu,Banana
Mba,Dog
Mbaadiri,Priest
Mbavu,Ribs
Mbawa,Wing
Mbele,Front
Mbele,Ahead
Mbili,Two
Mbiti,Raw
Mbogga,Spinach
Mbovu,Bad
Mbu,Moskito
Mbujo ka waawo/maamo,Half sister
Mbulu,Pubic Hair
Mburishe,scare away
Mbuuni,Ostrich
Mbuzi,Goat
Mchaawi,Sorceror
Mduufata,Embrace
Meende,Cockroach
Meenza,Friend
Meera,Find
Meersha,Rotate
Meetiri,Meter
Meeza,Table
Meezi,Month
Meezi wa weelu,Moon
Menewe,Owner
Mfalme,Royal
Mfanya Mitti,Sorcery/ Witchcraft
Mfiniko,Lid
Mfuga,Homosexual
Mfumaajima,Saturday
Mfuumi,Asthma
Mfuye,Monkey
Mfuzi,Blacksmith
Mgaguno,Scratching
Mgahawa,Restaurant
Mgereenza,english person
Mhogo,Cassava
Mihaari,Knitting needle
Miiko,Kitchen
Miikulu,Grandson
Miimba,Stomach
Miimbili,Boy
Miimbili na kuloolo,bridegroom
Miino,Teeth
Miinza,Dark
Miipaa,Nephew
Miisho,last
Miiwa,Thorn
Miizi,Thief
Mikooko ya chita,dundruff
Milki,Ownership
Miluunti,barefoot
Mimbari,An elevated platform used in a mosque
Miriri,Rusty
Mishpa,Bones
Mishpaa Muungo,Backbone
Miskhi,Odour
Miskiti,Mosque
Mistari,Ruler
Mitto,River
Miya,Hundred
mjajo,itching
Mjiinga,Ignorant
Mkate,Cake
Mkeewo,Father in law
Mkila,Tail
Mkono,Arm
Mkoroofi,Villain
Mkuundhu,Booty
Mlusi,Black (person)
Mnaado,Auctioneering
Mnaango,Door
Mnaara,Tower/minarate
Mnaazi,Coconut tree
Mnene,fat
Mnima,Mountain/hill
Mnomo,Lip
Mnyago,Tribal initiation rite
Mooda,Fashion
Moola,Shave
Moomini,Devoted moslim
Mooto,motorcycle
Mowliidi,The birth of prophet mohamed (S.A.W)
Mpaampa,Shark
Mpaana,Wide
Mpaango,Plan
Mpaka,Cat
Mpaka,Boundary
Mpaka(huduudi),Boarder
Mpana,Mouse
Mpata,Twins
Mpataansi,Fishman
Mpatanisho,reconciler
Mpepe,Lightning
Mpiira,Ball
Mpindhooni,Surroundings
Mpissi,Hyena
Mpiya,New
Mpotofu,Curve
Mpula,Nose
Mpupu,Multani-mati
Mpuundha,Donkey
Mpuunga,Rice
Mraadi,Aim/Intention
Mreefu,High/long
Msaa'ada,Assistant/help
Msaafiri,Traveler
Msaasa / Raanda,Sandpaper
Msahaafu,Koranic book
Msala wa khsalila,Prayer rug
Msalaba,Cross
Msalaba,Cross
Mshahara,Salary
Mshakhaali,Worker
Mshidhamano,Race/competition
Mshizi,Gum
Msiiba,Grief
Msuura,beautiful
Msuwaani,Scarf
Mtaana,Room
Mtaandanu,Yellow
Mtaanga,Sand
Mtaange,Scale
Mtaawo,Pillow
Mtile miimba,Impregnate
Mtimiino,Toothbrush
Mtoondho,after tomorrow
Mtaana,Slave (Male)
Mtuunghi,Water pot
Mtuzi,Soup
Mtuzi,Sauce
Mtume,Prophet
Mu'jeza,Miracle/Wonder
Mubaaha,Allowed by law
Mubjaana,young
Mudaahara,Demonstration
Mudda,Period/duration
Mufti,Muslim scholar
Mufu,Anchovy
Muhimmu,Important
Mujiitu,God
Mujrimu,Culprit
Muke raaliya,Submissive wife to her husband
Mukhlisi,Faithfull/Honest
Muke,Woman
Mule,Tall
Mulo,Fire
Munaafiq,Hypocrite
Munishiipiyo,Town Hall
Munnu,Salt
Muntumzima,Adult
Murugu,Wories
Murzamu,Duct used for draining rain water from the roofs
Musmaari,Nails
Musmiino,Hand saw
Mustaqbali,Future
Mutanta/Kastuuma,Knickers/panties
Muti,Tree
Mutoore,Engine
Mutoore ya Nafta,Diesel Engine
Muundha,Farm
Muunju,Very small grain-eating bugs.
Muunti,Day
Muunt´u,Person
Muusi,One
Muuwa,Suger Cane
Muuwa,Sugarcane
Muuyi,City / Town
Muwli,Man
Muzaa Nama,Butcher
Mviriinge,Circle
Mvivu,Lazy
Mvula,Rain
Myaana,Slave (Female)
Myakazi,Harlot
Myakazi,bitch
Myakkazi,prostitute
Mzeele,old person
Mzele Wa Muuyi,Mayor
Mzifu,Laziness
Mziiko,Funeral
Mziinga,Explosion
Mzima,"Fit, un-hurt, un-touched"
Mzuungu,Non-Muslim
Naakhuda,Navigator
Naane,Nine
Naani,Who
Naastaro,Tape recorder
Naazi,Coconut
Nabari,Injure/Wound
Nadiifa,Clean
Nafasi,Spare time
Nafta,Diesel
Naharisi,mercy
Nahwi,Grammar
Nali,Bulb
Nama,Meat
Nama saafi bilaa mishpa,Cutlet
Nama ya khanziiri,Bacon
Nama ya Ngoombe,Beef
Naqdi,Cash
Nasabu,Noble
Nasha,Smooth
Nasiibu,Luck
Nasiibu,Luck/fortune
Natiija,Result
Nazaaja,Mother in law
Ndaaka,mine
Ndala,Hunger
Ndhaani,Inside
Ndhe,Long
Ndhevu,Beard
Ndhiimu,Grapefruit
Ndhiimu,Lime
Ndhoora,leave me alone
ndhoto,Dream
Ndhu,Relative
Ndhuugu,Peanut
Ndhuundho,Hammer
Ndiiwa,Pigeon
Ndiiwa,Dove
Ndila,Road
Ndini,Vagina
Ndo,come here
Ndovu,Elephant
Ne'ma,Prosperity
Neefu,Breath
Nelpe,White
Neyluuni,Nylon
Ngamiila,Camel
Ngano,Wheat
Ngawo,Wooden fence
Ngazi,Ladder
Nge wa mageendho,Scorpion
Ngeena,Crocodile
Ngiisha,Anchor (Ship/ Dhow/ Boat)
Ngoma,Drum
Ngoombe,Cow
Ngoroonzi,Snore
Ngozi,Leather
Ngozi,Skin/leather
Nguulu,Kingfish
Nguvu,strong
Nguwo,Cloth
Nguwo,Clothes
Nguzo,Pillar
Nidaamu,System
Niingi,Many
Niingi,Abundance
Nijisi,Impureness
Nikaaha,Marriage Contract
Nini,What
Niya,Intention
Nkaasa,Turtle
Nkala,Crab
Nkavu,dry
Nkoonde,Testicle/Scrotum
Nkope,Eyebrow
Nkuku,Chicken
Nkulu,Big
Nkusi(kubiga Nkusi),Calp
Nkuungunyi,bedbug
Nne,Four
Noloolo,Soft
Noota,Star
Nshepe,Old (Things)
Nsi,Fish
Nso,Kidney
Nta,Wax
Ntaambi,Vermicelli
Ntaano,Five
Ntaka,rubish
Ntale,Arrow
Ntanu,Oven
Ntatu,Three
Ntawa,lice
Nteendhe,Dates
Nti,Land
Ntiini,low
Ntoloko,Bean
Ntoongo,Cross-eyed
Ntowa,Drought
Ntupa,Bottle
Ntupu,Empty
Ntuungu,Ant
Ntuwi,Tiger
Ntundu,Hole
Nusu,Half
Nuumba,House
Nuumu,hard
Nuuriya,Whitewash/lime
Nuuru,Light/shine
Nuuru ya Maato,Pupil
Nyaanya,Tomato
Nyakula,Snatch
Nyoka,Snake
Nyulusi,Black
Nyunyi,Bird
Nzi,Fly
Nzito,Heavy
Oko,There
Onda,Taste
Ondhoka,Go away
Ongo,Brain
Onyesha,Show
Oofisha,Keep a promise
Oofu,Cramp
Oomo,Washing Powder
Ooni,Thirst
Ori,Cockerel
osha,Wash
Ova,Mix grinded grains like flour with water
Owa´,take a bath
Owela,swim
Owliya,A sacred person
Paamba,Cotton
Paandhish,Raise
Paangula,Clean a surface
Paasapoorta,Passport
Paasi/Stiira,Iron
Pakata,Hold in the lap
pakila,transport
Pakiza,Load
Pakkah,to Paint/ Apply ointment/ oil/ lotion etc...
Pamooyi,together
Pamooyi,Together
Parlamaani,Parliament
Pasula,Tear/split
Pata,Get
Peeke,Only
Peeke,Alone
Peela,Sweep
Peembe,Horn
Peera,bravanese Fudge
Peesa,Money
Peleka,Take/send
Pepela,Wave
Pepeza,Blink
Pepeza Maato,Blink
Piicha,Picture
Piima,Measure
Piinsa,Pliers
Piinsa,Pincers
Pilpili,Chilli
Pilpili nyulusi,Black pepper
Pita,Pass
Pokela,Receive
Pomaata,Ointment
poondha,grinding
Potela,"Fall, fail"
Pottola/kutta,bend
Pumaata,Cream
Puunguza,Make less
Qaadi,Judge
Qaanuuni,Law/Regulation
Qabiila,Tribe
Qabri,Grave
Qalbi,Heart
Qarni,Century
Qasli,impureness(in a religious way)
Qibla,"The direction towards mecca, where muslims face during praying"
Qiima/Si'ri,Price
Qissa,Story
Qooqi,Sexually excited
Quusi,Dive
Ra'faani,Appeal
Ra'iisi,President
Ra'sumaali,Capital
Raadi,Satisfied/content
Raadiyo,Radio
Raaha,Comfort
Raaiya,Citizen
Raaji,X-rays
Raanda,Lathe
Raanda,Carpenter's plane
Rabsha,Violence
Raja,Hope
Raka'a,Muslim prayers with bows
Rakhiisi,Cheap
Rakibisha,Put right
Ramadaani,Ramadan
Ranji,colour
Rasmi,Official/original
Rassasi,Bullet
Ratali,A pound (weight)
Reeba,"Keep, deny something to someone"
Reeri,Family
Ribba,Interest
Rigoore,Penalty kick
Rimoorkiyo,Trailer
Robo,Quarter
Roohaani,Spirit
Rooti,Bread
Roushani,Balcony
Rufiyaano,Procurer
Rukhsa,Permission
Rummani,Pomegranate
Rusha,Sprinkling with water
Ruuda,return
Ruudisha,Give back
Ruuhu,Soul
Sa'a,Watch
Saabuni,Soap
Saabuni,Soap
Saafi,Pure
Saafisha,Make clean
Saajimo,brother-in-law
Saambavu/lwiingu,Lung
Saamila,barefeet
Saandali,Sandal
Saanti,Feet
Saaruukhi,Missile
Saayda,Help
Sababu,Reason
Sabba,Seven
Sabri,Patience
Sabuura,Blackboard
Sadaqa,Alms
Safa/Leeni,Queue
Safaara,Embassy
Safari,Journey
Safiihi,Arrogant/rude
Safiito,Ceiling
Saghaare,Antelope
Sahali,easy
Sahariiri,Distress
Sahiiha,Signature
Sakaraani,Drinker
Sakaraati,Last agony
Sala,pray
Sala,Prayer
Salaamu,Greeting
Salamu,Sculpture / Toy
Salamu,Statue
Salisha,Lead prayers
Saliti,Traitor/betray
Salitinaari,Iodine
Saloota,Sitting room
Sambuusa,Samosa
Sanduuqu/kaasha,Box
Santuuri,Music Player/ Recorder
Santuuri,Gramophone
Saqajaani,Immoralist
Sarafu,Change/coins
Sarkaali,Government
Sarmala,Carpenter
Saruukhi,Rocket
Sarwaani,Trousers
Sawiri,abdication
Sawti,Sound
Seeti,To mash
Segereeti,Cigarette
Senti,Pence
Senti,Coins
Shaahidi,Witness
Shaali,Shawl
Shaaribu,Moustache
Shaati,Shirt
Shadhara,Peripheral
Shahaada,the first essential duty in Islam
Shahaari,Womanizer
Shahawa,Semen
Shahidimzuuri,One who lies under oath
Shahiidi,Martyr
Shaka,Doubt
Shalaayi,regret
Shar'i,law
Sharaara,Wire (Metallic)
Sharafu,Dignity
Sharbaati,Drinks
shari,Evil
Sharkhaani,Sewing machine
Sharmuuta,Whore
Sharti,Condition
Shawri,Private conversation
Shaytaani,Satan
Sheekhi,Religious official
Sheelara,Accelerator
Sheera,Slip
Shereha,Decorate
Shfiniko,cap
Shidda,Hardship
Shiika,Hold fast
Shiingo,Neck
Shiiri,Dirt
Shikazaako,Simple
Shilingi,Shilling
Shinyeeri,Zip
Shirka,Parnership/shareholder
Shkalkala,Uvula
Shkapu,Basket
Shkarawa,Baboon
Shkuta,Pinching
Sho dambi,Innocent
Sho khfilatiloowa,unexpected
Sho Nahariisi,mercilessnes
Shogamaano,Towel
Shokaani,Steering wheel
Shoma,Sew
Shoobu,Elegance
Shoori,Consultation
Shoropo,Syrup
Shoroto,Adhesive tape
Shpeendo,Love
Shpegnegno,"Opportunity, Chance"
Shpepo,Hand Fan
Shpete,Ring
Shpiimo,Measurement
Shpiindhi,Noon
Shpululu,narrow street
Shtala cha Mkono,Torch
Shtaltala,Bat
Shtana,Comb
Shtana,Anger
Shteenzi,Poem
Shtewelo,Supplement to the meal
Shtezo,Button
Shtiisho,Fear
Shtoka,Axe
Shtuungulu,Onion
Shufeeri,Driver
Shufta,Robber band
Shuma'a,Candle
Shuui,Communist
Shuwaari,Calm
Shuwari,Calm (Sea)
Si,We/Us
Sidiriya,Bra
Sihiri,Magic
Siiki,Vinegar
Siimba,Lion
Siimo,Telephone
Siindanu,Needle
Siindhika,Press out
Siita,sour
Silsila,Chain
Simama,stand up / Stop
Simamisha,Halt/erect
Simika,errect
Simu ya mkono,Mobile phone
Sindako,Mayor
Sindanu ya Khkuta,Safety pin
Siniya,Metal tray
Siri,Secret
Sitta,Six
Siwo farhaani,unhappy
Siyaasa,Politics
Skifaala,Shelves
Skifaala,Shelf
Skoola,School
Skunyi,Firewood
Somma,namesake
Sookota,Twist
Sooma,read
Soonda,suck
Soonga,move
Soongeza,Move it
Sowti,voice
speendi,I dont like
Spiingu,Handcuffs
Spitaale,Hospital
Spuunyo,Sponge
steenzi,Religious poem
Steeshini,Police station
Stiraasha,Napkin
Su'aali,Question
Sufuriya,Saucepan
Sukaraagooro,Gor
Sukaraamawe,Candy sugar
Sukari yamnaara,Sugar cube
Sultaani,King
Sulu,Dizzy
Sumu,Poison
Suubaha,Qor'an Recitation
Suukari,Sugar
Suukhu,Market
Suura,Good
Suura(Qura'ani),Koranic chapter
Ta'liimu,Education
Taa'uuni,Cholera
Taaga,expand
Taaji,Crown
Taajiri,Rich
Taaka,Type of measurment;full stretch of the hand from the thumb to the middle finger(measurment)
taala,take
Taambala,Crawl
Taambula,Recognize
Taamu,Tasty
Taarga,Plate number
Taari,telgram
Taariikhi,Date
Taariikhi,History
Taawanya,spill
Taaziya,Condolence
Tabaashiri,Chalk
Tabi'a,Behaviour
Tafadhali,Please
Tahaara,Religiously pure
Tahadari,Beware
Tahadari,Careful
Tahadari,Caution
Tahaliili,Holy water
Tahaluka,Disaster
Tahaluka,catastrophy
Takabaana,Hanger
Takasa,plaster
Tala,Lamp
Talaali,Vaccinate/immunization
Tama'a,Desire
Tama'a niingi,Cupidity
Tamasha,Tour
Tangawiizi,Ginger
Tapika,Vomit
Taqwa,Piety/reverence
Taraawehe (food),Midnight meal by a fasting person
Taraawehe(prayer),Ramadaan night prayers
Tarbaale,Canvas
Tarbuushi,Casmali
Tariina,Train
Tarmuusi,Flask
Tarniiki,Corrugated iron used as a roofing material
Tartiibu,Slow
Tasbihi,Beads/rosary
Tawaafa,Lantern
Tawaafu(Ka'ba),Circumfering of Ka'ba
Tawala,Ocean
Tawala,Sea
Tayaari,Ready
Teach,Soomesha
Teendheza,Stir/mix
Teenga,Set a part
Tele,Advice
Telefisiyoone,Television
Teleza,play with
Telle,Full
Tetemesha,Shake/swing
Teza,play
Thumuni,One eight of a pound
Tiibi,Tuberculosis(TB)
Tiinda,cut
Tiini,Fig
Timbro,Rubber stamp
Timiza,Complete
Tokomeza,ignore
Tooba,Penitence
Toohiidi,Confirming the oneness of allah
Toomba,Intercourse/fuck
Toosisha,"Straighten, make correction"
Towba,Repentance
Tufaaha,Apple
Tuhumu,Suspicious
Tukula,carry
Tukuza,send
Turjumaani,Interpreter
Turuumba,Trumpet
Tuufaani,Hurricane
Tuumba,Dig
Tuumbula,"Rupture, Puncture"
Tuumbula,Make a hole in
Tuuni,Garlic
Tuunji,Potty
Tuure,Hunchback
Tuuri,Hump
Tuusi,Anus
Tuwa,Caress/ Remove dirt/ stain from a surface
T´uumbula,"Perforate, make an opening"
Uf,Used to express a bad smell or offensive odor
Ukaawu,Tamarind
Ukki,Honey
Ulaanga,Cornflour
Ulaazo,Pain
Uloongo,Mud / Clay
Uluka,jump
Umaande,Mist/Fog
Umri,Age
Umuliso,Midwife
Unga waa nganu,Flour
Uqda,Complex
Usha',Hide
Ushizi,Mouth Gum
Usiinzizi,Sleepy
Uskuma,Push
Uso,Face
Utuungu,Labor
Uudi,Incense
Uudu,Ablution
uza´,sell
Uzza,Ask
Viimba,Swell
Vusila,blow
Vuunda,Break down
vuuta,pull
Waalidi,Parent
Waana,Children
Waankula,Grandfather
Waardiya,Guard
Waawe,Father
Wadaamu,Container made of leather used to collect water from wells
Wafdi,Delegation
Wahali,Companion
Wakhti,Time/Epoch/Era
Wakhtiwe Imaliize,Expire
Wakiili,Agent/Representative
Waliima/Karamu,Feast
Walwali,Anxiety
Wanaafakhi,FALSE
Wanaafaqi,lie
Wanaaskoola,Students
Waqfu,Open to the public
Waqlali,Name and dedicate ceremonally usually with the ritual slaughter of an animal
Waraabo,Syphilis
Waraadi,goodbye
Wardi,praise Allah
Wasakha,Dirty
Waswaasi,Hesitation/Suspicion
Waziiri,Minister
Wazimu,Madness
Wa`di,Preachment
Weelu,Light
We´,You
Wiinda,Hunt
Wiingine,Others
Wiino,Ink
Wiisha,Husk
Wiishka,Elevator
Wonna,see
Wonte,all
Wule,Length
Yaabisi,Hard and dry
Yaabu,Wonder
Yaake,his
Yaanzi,Numbness
Yaaquuti,ruby
Yaardi,Yard
Yaayaa,Aunt
Yahuudi,Jew
Yaka(karata),Ace
Yamma,Whale
Yana,yesterday
Yeyi,Wolf
Yezza,Fill
Yile,Long
Ynoki,Bee
Yonte(things),all
Yuuzi,the day before yesterday
Zaama,Sink
Zaaydi,Extra
Zabiibu,Raisin
Zaka,The obligatory tax that every muslim must give
Zalba,untruth
Zamaani,long ago
Zawaadi,Present
Zaydi,advanced
Zeytuuni,olives
Zidubi,Kebabs
Zigugu,Nit
Ziina,Letters
Zijo,Polenta
Zikhuweleele,Well off
Zilaatu,Shoes
Ziloondho,Leg foot
Ziloozi,Sweets
Zilzaali,Earthquake
zimila,hide
Zimiza,Turn off
Zina,Adultery
Zita,Fight
Ziyaara,Commemoration
Zoombo,Things
Zuliya,Carpet
Zuluungu,Multi storey
Zumaari,Wind instrument
Zuuba,Roll/Wrap
Zuuliya,Rug
Zuuzu,Foolish